<annotation>
	<folder>train</folder>
	<filename>5163207467_670cc3b182.jpg</filename>
	<path>C:\Users\racha\Documents\Tensorflow\models\research\object_detection\images\train\5163207467_670cc3b182.jpg</path>
	<source>
		<database>Unknown</database>
	</source>
	<size>
		<width>800</width>
		<height>600</height>
		<depth>3</depth>
	</size>
	<segmented>0</segmented>
	<object>
		<name>cupcake</name>
		<pose>Unspecified</pose>
		<truncated>0</truncated>
		<difficult>0</difficult>
		<bndbox>
			<xmin>55</xmin>
			<ymin>100</ymin>
			<xmax>390</xmax>
			<ymax>503</ymax>
		</bndbox>
	</object>
</annotation>
