<annotation>
	<folder>train</folder>
	<filename>FB_IMG_13981733667911517.jpg</filename>
	<path>C:\Users\racha\Documents\Tensorflow\models\research\object_detection\images\train\FB_IMG_13981733667911517.jpg</path>
	<source>
		<database>Unknown</database>
	</source>
	<size>
		<width>800</width>
		<height>600</height>
		<depth>3</depth>
	</size>
	<segmented>0</segmented>
	<object>
		<name>cake</name>
		<pose>Unspecified</pose>
		<truncated>0</truncated>
		<difficult>0</difficult>
		<bndbox>
			<xmin>370</xmin>
			<ymin>83</ymin>
			<xmax>674</xmax>
			<ymax>576</ymax>
		</bndbox>
	</object>
</annotation>
