<annotation>
	<folder>train</folder>
	<filename>IMG-20160915-WA0014.jpg</filename>
	<path>C:\Users\racha\Documents\Tensorflow\models\research\object_detection\images\train\IMG-20160915-WA0014.jpg</path>
	<source>
		<database>Unknown</database>
	</source>
	<size>
		<width>800</width>
		<height>600</height>
		<depth>3</depth>
	</size>
	<segmented>0</segmented>
	<object>
		<name>cake</name>
		<pose>Unspecified</pose>
		<truncated>0</truncated>
		<difficult>0</difficult>
		<bndbox>
			<xmin>51</xmin>
			<ymin>138</ymin>
			<xmax>265</xmax>
			<ymax>279</ymax>
		</bndbox>
	</object>
	<object>
		<name>cake</name>
		<pose>Unspecified</pose>
		<truncated>0</truncated>
		<difficult>0</difficult>
		<bndbox>
			<xmin>290</xmin>
			<ymin>237</ymin>
			<xmax>522</xmax>
			<ymax>387</ymax>
		</bndbox>
	</object>
</annotation>
