<annotation>
	<folder>test</folder>
	<filename>IMG-20170626-WA0033.jpg</filename>
	<path>C:\Users\racha\Documents\Tensorflow\models\research\object_detection\images\test\IMG-20170626-WA0033.jpg</path>
	<source>
		<database>Unknown</database>
	</source>
	<size>
		<width>800</width>
		<height>600</height>
		<depth>3</depth>
	</size>
	<segmented>0</segmented>
	<object>
		<name>cake</name>
		<pose>Unspecified</pose>
		<truncated>1</truncated>
		<difficult>0</difficult>
		<bndbox>
			<xmin>1</xmin>
			<ymin>85</ymin>
			<xmax>794</xmax>
			<ymax>515</ymax>
		</bndbox>
	</object>
</annotation>
