<annotation>
	<folder>test</folder>
	<filename>IMG-20170910-WA0010.jpg</filename>
	<path>C:\Users\racha\Documents\Tensorflow\models\research\object_detection\images\test\IMG-20170910-WA0010.jpg</path>
	<source>
		<database>Unknown</database>
	</source>
	<size>
		<width>800</width>
		<height>600</height>
		<depth>3</depth>
	</size>
	<segmented>0</segmented>
	<object>
		<name>pancake</name>
		<pose>Unspecified</pose>
		<truncated>0</truncated>
		<difficult>0</difficult>
		<bndbox>
			<xmin>220</xmin>
			<ymin>59</ymin>
			<xmax>581</xmax>
			<ymax>229</ymax>
		</bndbox>
	</object>
</annotation>
