<annotation>
	<folder>train</folder>
	<filename>IMG-20160825-WA0003.jpg</filename>
	<path>C:\Users\racha\Documents\Tensorflow\models\research\object_detection\images\train\IMG-20160825-WA0003.jpg</path>
	<source>
		<database>Unknown</database>
	</source>
	<size>
		<width>800</width>
		<height>600</height>
		<depth>3</depth>
	</size>
	<segmented>0</segmented>
	<object>
		<name>cake</name>
		<pose>Unspecified</pose>
		<truncated>0</truncated>
		<difficult>0</difficult>
		<bndbox>
			<xmin>267</xmin>
			<ymin>79</ymin>
			<xmax>584</xmax>
			<ymax>491</ymax>
		</bndbox>
	</object>
</annotation>
