<annotation>
	<folder>train</folder>
	<filename>IMG-20150505-WA0001.jpg</filename>
	<path>C:\Users\racha\Documents\Tensorflow\models\research\object_detection\images\train\IMG-20150505-WA0001.jpg</path>
	<source>
		<database>Unknown</database>
	</source>
	<size>
		<width>800</width>
		<height>600</height>
		<depth>3</depth>
	</size>
	<segmented>0</segmented>
	<object>
		<name>cake</name>
		<pose>Unspecified</pose>
		<truncated>0</truncated>
		<difficult>0</difficult>
		<bndbox>
			<xmin>352</xmin>
			<ymin>54</ymin>
			<xmax>614</xmax>
			<ymax>207</ymax>
		</bndbox>
	</object>
	<object>
		<name>cake</name>
		<pose>Unspecified</pose>
		<truncated>0</truncated>
		<difficult>0</difficult>
		<bndbox>
			<xmin>585</xmin>
			<ymin>142</ymin>
			<xmax>745</xmax>
			<ymax>361</ymax>
		</bndbox>
	</object>
</annotation>
