<annotation>
	<folder>test</folder>
	<filename>IMG-20190120-WA0035.jpg</filename>
	<path>C:\Users\racha\Documents\Tensorflow\models\research\object_detection\images\test\IMG-20190120-WA0035.jpg</path>
	<source>
		<database>Unknown</database>
	</source>
	<size>
		<width>800</width>
		<height>600</height>
		<depth>3</depth>
	</size>
	<segmented>0</segmented>
	<object>
		<name>cake</name>
		<pose>Unspecified</pose>
		<truncated>0</truncated>
		<difficult>0</difficult>
		<bndbox>
			<xmin>146</xmin>
			<ymin>43</ymin>
			<xmax>692</xmax>
			<ymax>505</ymax>
		</bndbox>
	</object>
</annotation>
