<annotation>
	<folder>test</folder>
	<filename>IMG-20171029-WA0139.jpg</filename>
	<path>C:\Users\racha\Documents\Tensorflow\models\research\object_detection\images\test\IMG-20171029-WA0139.jpg</path>
	<source>
		<database>Unknown</database>
	</source>
	<size>
		<width>800</width>
		<height>600</height>
		<depth>3</depth>
	</size>
	<segmented>0</segmented>
	<object>
		<name>pancake</name>
		<pose>Unspecified</pose>
		<truncated>0</truncated>
		<difficult>0</difficult>
		<bndbox>
			<xmin>202</xmin>
			<ymin>208</ymin>
			<xmax>754</xmax>
			<ymax>556</ymax>
		</bndbox>
	</object>
	<object>
		<name>french toast</name>
		<pose>Unspecified</pose>
		<truncated>0</truncated>
		<difficult>0</difficult>
		<bndbox>
			<xmin>49</xmin>
			<ymin>25</ymin>
			<xmax>305</xmax>
			<ymax>176</ymax>
		</bndbox>
	</object>
</annotation>
