<annotation>
	<folder>train</folder>
	<filename>IMG-20160915-WA0016.jpg</filename>
	<path>C:\Users\racha\Documents\Tensorflow\models\research\object_detection\images\train\IMG-20160915-WA0016.jpg</path>
	<source>
		<database>Unknown</database>
	</source>
	<size>
		<width>800</width>
		<height>600</height>
		<depth>3</depth>
	</size>
	<segmented>0</segmented>
	<object>
		<name>cake</name>
		<pose>Unspecified</pose>
		<truncated>0</truncated>
		<difficult>0</difficult>
		<bndbox>
			<xmin>30</xmin>
			<ymin>166</ymin>
			<xmax>240</xmax>
			<ymax>295</ymax>
		</bndbox>
	</object>
	<object>
		<name>cake</name>
		<pose>Unspecified</pose>
		<truncated>0</truncated>
		<difficult>0</difficult>
		<bndbox>
			<xmin>249</xmin>
			<ymin>236</ymin>
			<xmax>491</xmax>
			<ymax>381</ymax>
		</bndbox>
	</object>
</annotation>
