<annotation>
	<folder>test</folder>
	<filename>IMG-20170910-WA0017.jpg</filename>
	<path>C:\Users\racha\Documents\Tensorflow\models\research\object_detection\images\test\IMG-20170910-WA0017.jpg</path>
	<source>
		<database>Unknown</database>
	</source>
	<size>
		<width>800</width>
		<height>600</height>
		<depth>3</depth>
	</size>
	<segmented>0</segmented>
	<object>
		<name>pancake</name>
		<pose>Unspecified</pose>
		<truncated>1</truncated>
		<difficult>0</difficult>
		<bndbox>
			<xmin>414</xmin>
			<ymin>232</ymin>
			<xmax>800</xmax>
			<ymax>554</ymax>
		</bndbox>
	</object>
	<object>
		<name>french toast</name>
		<pose>Unspecified</pose>
		<truncated>0</truncated>
		<difficult>0</difficult>
		<bndbox>
			<xmin>431</xmin>
			<ymin>92</ymin>
			<xmax>684</xmax>
			<ymax>199</ymax>
		</bndbox>
	</object>
</annotation>
