<annotation>
	<folder>test</folder>
	<filename>IMG-20170216-WA0003.jpg</filename>
	<path>C:\Users\racha\Documents\Tensorflow\models\research\object_detection\images\test\IMG-20170216-WA0003.jpg</path>
	<source>
		<database>Unknown</database>
	</source>
	<size>
		<width>800</width>
		<height>600</height>
		<depth>3</depth>
	</size>
	<segmented>0</segmented>
	<object>
		<name>cake</name>
		<pose>Unspecified</pose>
		<truncated>0</truncated>
		<difficult>0</difficult>
		<bndbox>
			<xmin>182</xmin>
			<ymin>182</ymin>
			<xmax>678</xmax>
			<ymax>442</ymax>
		</bndbox>
	</object>
</annotation>
