<annotation>
	<folder>train</folder>
	<filename>IMG_20170910_115537.jpg</filename>
	<path>C:\Users\racha\Documents\Tensorflow\models\research\object_detection\images\train\IMG_20170910_115537.jpg</path>
	<source>
		<database>Unknown</database>
	</source>
	<size>
		<width>800</width>
		<height>600</height>
		<depth>3</depth>
	</size>
	<segmented>0</segmented>
	<object>
		<name>pancake</name>
		<pose>Unspecified</pose>
		<truncated>1</truncated>
		<difficult>0</difficult>
		<bndbox>
			<xmin>396</xmin>
			<ymin>233</ymin>
			<xmax>800</xmax>
			<ymax>564</ymax>
		</bndbox>
	</object>
	<object>
		<name>french toast</name>
		<pose>Unspecified</pose>
		<truncated>0</truncated>
		<difficult>0</difficult>
		<bndbox>
			<xmin>421</xmin>
			<ymin>78</ymin>
			<xmax>712</xmax>
			<ymax>222</ymax>
		</bndbox>
	</object>
</annotation>
