<annotation>
	<folder>train</folder>
	<filename>IMG_20180516_103423.jpg</filename>
	<path>C:\Users\racha\Documents\Tensorflow\models\research\object_detection\images\train\IMG_20180516_103423.jpg</path>
	<source>
		<database>Unknown</database>
	</source>
	<size>
		<width>800</width>
		<height>600</height>
		<depth>3</depth>
	</size>
	<segmented>0</segmented>
	<object>
		<name>doughnut</name>
		<pose>Unspecified</pose>
		<truncated>0</truncated>
		<difficult>0</difficult>
		<bndbox>
			<xmin>99</xmin>
			<ymin>98</ymin>
			<xmax>300</xmax>
			<ymax>179</ymax>
		</bndbox>
	</object>
	<object>
		<name>doughnut</name>
		<pose>Unspecified</pose>
		<truncated>0</truncated>
		<difficult>0</difficult>
		<bndbox>
			<xmin>79</xmin>
			<ymin>158</ymin>
			<xmax>310</xmax>
			<ymax>257</ymax>
		</bndbox>
	</object>
	<object>
		<name>doughnut</name>
		<pose>Unspecified</pose>
		<truncated>0</truncated>
		<difficult>0</difficult>
		<bndbox>
			<xmin>35</xmin>
			<ymin>255</ymin>
			<xmax>272</xmax>
			<ymax>362</ymax>
		</bndbox>
	</object>
	<object>
		<name>doughnut</name>
		<pose>Unspecified</pose>
		<truncated>0</truncated>
		<difficult>0</difficult>
		<bndbox>
			<xmin>15</xmin>
			<ymin>367</ymin>
			<xmax>300</xmax>
			<ymax>511</ymax>
		</bndbox>
	</object>
	<object>
		<name>doughnut</name>
		<pose>Unspecified</pose>
		<truncated>0</truncated>
		<difficult>0</difficult>
		<bndbox>
			<xmin>304</xmin>
			<ymin>89</ymin>
			<xmax>482</xmax>
			<ymax>170</ymax>
		</bndbox>
	</object>
	<object>
		<name>doughnut</name>
		<pose>Unspecified</pose>
		<truncated>0</truncated>
		<difficult>0</difficult>
		<bndbox>
			<xmin>300</xmin>
			<ymin>159</ymin>
			<xmax>526</xmax>
			<ymax>268</ymax>
		</bndbox>
	</object>
	<object>
		<name>doughnut</name>
		<pose>Unspecified</pose>
		<truncated>0</truncated>
		<difficult>0</difficult>
		<bndbox>
			<xmin>285</xmin>
			<ymin>257</ymin>
			<xmax>512</xmax>
			<ymax>375</ymax>
		</bndbox>
	</object>
	<object>
		<name>doughnut</name>
		<pose>Unspecified</pose>
		<truncated>0</truncated>
		<difficult>0</difficult>
		<bndbox>
			<xmin>294</xmin>
			<ymin>376</ymin>
			<xmax>591</xmax>
			<ymax>498</ymax>
		</bndbox>
	</object>
	<object>
		<name>doughnut</name>
		<pose>Unspecified</pose>
		<truncated>0</truncated>
		<difficult>0</difficult>
		<bndbox>
			<xmin>478</xmin>
			<ymin>95</ymin>
			<xmax>676</xmax>
			<ymax>173</ymax>
		</bndbox>
	</object>
	<object>
		<name>doughnut</name>
		<pose>Unspecified</pose>
		<truncated>0</truncated>
		<difficult>0</difficult>
		<bndbox>
			<xmin>522</xmin>
			<ymin>168</ymin>
			<xmax>732</xmax>
			<ymax>253</ymax>
		</bndbox>
	</object>
	<object>
		<name>doughnut</name>
		<pose>Unspecified</pose>
		<truncated>0</truncated>
		<difficult>0</difficult>
		<bndbox>
			<xmin>514</xmin>
			<ymin>248</ymin>
			<xmax>751</xmax>
			<ymax>368</ymax>
		</bndbox>
	</object>
	<object>
		<name>doughnut</name>
		<pose>Unspecified</pose>
		<truncated>1</truncated>
		<difficult>0</difficult>
		<bndbox>
			<xmin>580</xmin>
			<ymin>355</ymin>
			<xmax>800</xmax>
			<ymax>491</ymax>
		</bndbox>
	</object>
</annotation>
