<annotation>
	<folder>train</folder>
	<filename>IMG_20181230_124150-01.jpeg</filename>
	<path>C:\Users\racha\Documents\Tensorflow\models\research\object_detection\images\train\IMG_20181230_124150-01.jpeg</path>
	<source>
		<database>Unknown</database>
	</source>
	<size>
		<width>800</width>
		<height>600</height>
		<depth>3</depth>
	</size>
	<segmented>0</segmented>
	<object>
		<name>cake</name>
		<pose>Unspecified</pose>
		<truncated>1</truncated>
		<difficult>0</difficult>
		<bndbox>
			<xmin>121</xmin>
			<ymin>2</ymin>
			<xmax>800</xmax>
			<ymax>527</ymax>
		</bndbox>
	</object>
</annotation>
