<annotation>
	<folder>train</folder>
	<filename>IMG_20190719_153027.jpg</filename>
	<path>C:\Users\racha\Documents\Tensorflow\models\research\object_detection\images\train\IMG_20190719_153027.jpg</path>
	<source>
		<database>Unknown</database>
	</source>
	<size>
		<width>800</width>
		<height>600</height>
		<depth>3</depth>
	</size>
	<segmented>0</segmented>
	<object>
		<name>cake</name>
		<pose>Unspecified</pose>
		<truncated>0</truncated>
		<difficult>0</difficult>
		<bndbox>
			<xmin>157</xmin>
			<ymin>117</ymin>
			<xmax>242</xmax>
			<ymax>205</ymax>
		</bndbox>
	</object>
	<object>
		<name>cake</name>
		<pose>Unspecified</pose>
		<truncated>0</truncated>
		<difficult>0</difficult>
		<bndbox>
			<xmin>136</xmin>
			<ymin>173</ymin>
			<xmax>218</xmax>
			<ymax>251</ymax>
		</bndbox>
	</object>
	<object>
		<name>cake</name>
		<pose>Unspecified</pose>
		<truncated>0</truncated>
		<difficult>0</difficult>
		<bndbox>
			<xmin>51</xmin>
			<ymin>307</ymin>
			<xmax>154</xmax>
			<ymax>429</ymax>
		</bndbox>
	</object>
	<object>
		<name>cake</name>
		<pose>Unspecified</pose>
		<truncated>0</truncated>
		<difficult>0</difficult>
		<bndbox>
			<xmin>252</xmin>
			<ymin>337</ymin>
			<xmax>355</xmax>
			<ymax>449</ymax>
		</bndbox>
	</object>
	<object>
		<name>cake</name>
		<pose>Unspecified</pose>
		<truncated>0</truncated>
		<difficult>0</difficult>
		<bndbox>
			<xmin>449</xmin>
			<ymin>343</ymin>
			<xmax>552</xmax>
			<ymax>462</ymax>
		</bndbox>
	</object>
</annotation>
