<annotation>
	<folder>train</folder>
	<filename>IMG_20170317_084423446.jpg</filename>
	<path>C:\Users\racha\Documents\Tensorflow\models\research\object_detection\images\train\IMG_20170317_084423446.jpg</path>
	<source>
		<database>Unknown</database>
	</source>
	<size>
		<width>800</width>
		<height>600</height>
		<depth>3</depth>
	</size>
	<segmented>0</segmented>
	<object>
		<name>pancake</name>
		<pose>Unspecified</pose>
		<truncated>0</truncated>
		<difficult>0</difficult>
		<bndbox>
			<xmin>185</xmin>
			<ymin>186</ymin>
			<xmax>314</xmax>
			<ymax>319</ymax>
		</bndbox>
	</object>
	<object>
		<name>pancake</name>
		<pose>Unspecified</pose>
		<truncated>0</truncated>
		<difficult>0</difficult>
		<bndbox>
			<xmin>501</xmin>
			<ymin>307</ymin>
			<xmax>671</xmax>
			<ymax>433</ymax>
		</bndbox>
	</object>
	<object>
		<name>pancake</name>
		<pose>Unspecified</pose>
		<truncated>0</truncated>
		<difficult>0</difficult>
		<bndbox>
			<xmin>158</xmin>
			<ymin>376</ymin>
			<xmax>365</xmax>
			<ymax>597</ymax>
		</bndbox>
	</object>
	<object>
		<name>waffle</name>
		<pose>Unspecified</pose>
		<truncated>1</truncated>
		<difficult>0</difficult>
		<bndbox>
			<xmin>701</xmin>
			<ymin>179</ymin>
			<xmax>800</xmax>
			<ymax>267</ymax>
		</bndbox>
	</object>
</annotation>
