<annotation>
	<folder>train</folder>
	<filename>IMG_20160429_092625865.jpg</filename>
	<path>C:\Users\racha\Documents\Tensorflow\models\research\object_detection\images\train\IMG_20160429_092625865.jpg</path>
	<source>
		<database>Unknown</database>
	</source>
	<size>
		<width>800</width>
		<height>600</height>
		<depth>3</depth>
	</size>
	<segmented>0</segmented>
	<object>
		<name>cupcake</name>
		<pose>Unspecified</pose>
		<truncated>0</truncated>
		<difficult>0</difficult>
		<bndbox>
			<xmin>227</xmin>
			<ymin>89</ymin>
			<xmax>528</xmax>
			<ymax>471</ymax>
		</bndbox>
	</object>
	<object>
		<name>cupcake</name>
		<pose>Unspecified</pose>
		<truncated>1</truncated>
		<difficult>0</difficult>
		<bndbox>
			<xmin>522</xmin>
			<ymin>99</ymin>
			<xmax>800</xmax>
			<ymax>487</ymax>
		</bndbox>
	</object>
</annotation>
