<annotation>
	<folder>train</folder>
	<filename>IMG_20170202_112655813.jpg</filename>
	<path>C:\Users\racha\Documents\Tensorflow\models\research\object_detection\images\train\IMG_20170202_112655813.jpg</path>
	<source>
		<database>Unknown</database>
	</source>
	<size>
		<width>800</width>
		<height>600</height>
		<depth>3</depth>
	</size>
	<segmented>0</segmented>
	<object>
		<name>cupcake</name>
		<pose>Unspecified</pose>
		<truncated>0</truncated>
		<difficult>0</difficult>
		<bndbox>
			<xmin>12</xmin>
			<ymin>131</ymin>
			<xmax>290</xmax>
			<ymax>260</ymax>
		</bndbox>
	</object>
	<object>
		<name>cupcake</name>
		<pose>Unspecified</pose>
		<truncated>0</truncated>
		<difficult>0</difficult>
		<bndbox>
			<xmin>6</xmin>
			<ymin>241</ymin>
			<xmax>234</xmax>
			<ymax>369</ymax>
		</bndbox>
	</object>
	<object>
		<name>cupcake</name>
		<pose>Unspecified</pose>
		<truncated>0</truncated>
		<difficult>0</difficult>
		<bndbox>
			<xmin>167</xmin>
			<ymin>380</ymin>
			<xmax>544</xmax>
			<ymax>588</ymax>
		</bndbox>
	</object>
	<object>
		<name>cupcake</name>
		<pose>Unspecified</pose>
		<truncated>0</truncated>
		<difficult>0</difficult>
		<bndbox>
			<xmin>249</xmin>
			<ymin>252</ymin>
			<xmax>561</xmax>
			<ymax>376</ymax>
		</bndbox>
	</object>
	<object>
		<name>cupcake</name>
		<pose>Unspecified</pose>
		<truncated>0</truncated>
		<difficult>0</difficult>
		<bndbox>
			<xmin>261</xmin>
			<ymin>145</ymin>
			<xmax>546</xmax>
			<ymax>261</ymax>
		</bndbox>
	</object>
	<object>
		<name>cupcake</name>
		<pose>Unspecified</pose>
		<truncated>0</truncated>
		<difficult>0</difficult>
		<bndbox>
			<xmin>347</xmin>
			<ymin>59</ymin>
			<xmax>619</xmax>
			<ymax>162</ymax>
		</bndbox>
	</object>
	<object>
		<name>cupcake</name>
		<pose>Unspecified</pose>
		<truncated>1</truncated>
		<difficult>0</difficult>
		<bndbox>
			<xmin>560</xmin>
			<ymin>240</ymin>
			<xmax>800</xmax>
			<ymax>411</ymax>
		</bndbox>
	</object>
	<object>
		<name>cupcake</name>
		<pose>Unspecified</pose>
		<truncated>1</truncated>
		<difficult>0</difficult>
		<bndbox>
			<xmin>541</xmin>
			<ymin>398</ymin>
			<xmax>793</xmax>
			<ymax>600</ymax>
		</bndbox>
	</object>
	<object>
		<name>cupcake</name>
		<pose>Unspecified</pose>
		<truncated>0</truncated>
		<difficult>0</difficult>
		<bndbox>
			<xmin>120</xmin>
			<ymin>62</ymin>
			<xmax>378</xmax>
			<ymax>177</ymax>
		</bndbox>
	</object>
</annotation>
