<annotation>
	<folder>train</folder>
	<filename>IMG_20170317_084415998.jpg</filename>
	<path>C:\Users\racha\Documents\Tensorflow\models\research\object_detection\images\train\IMG_20170317_084415998.jpg</path>
	<source>
		<database>Unknown</database>
	</source>
	<size>
		<width>800</width>
		<height>600</height>
		<depth>3</depth>
	</size>
	<segmented>0</segmented>
	<object>
		<name>pancake</name>
		<pose>Unspecified</pose>
		<truncated>0</truncated>
		<difficult>0</difficult>
		<bndbox>
			<xmin>120</xmin>
			<ymin>327</ymin>
			<xmax>335</xmax>
			<ymax>562</ymax>
		</bndbox>
	</object>
	<object>
		<name>pancake</name>
		<pose>Unspecified</pose>
		<truncated>0</truncated>
		<difficult>0</difficult>
		<bndbox>
			<xmin>154</xmin>
			<ymin>145</ymin>
			<xmax>298</xmax>
			<ymax>286</ymax>
		</bndbox>
	</object>
	<object>
		<name>pancake</name>
		<pose>Unspecified</pose>
		<truncated>0</truncated>
		<difficult>0</difficult>
		<bndbox>
			<xmin>479</xmin>
			<ymin>278</ymin>
			<xmax>648</xmax>
			<ymax>422</ymax>
		</bndbox>
	</object>
	<object>
		<name>pancake</name>
		<pose>Unspecified</pose>
		<truncated>0</truncated>
		<difficult>0</difficult>
		<bndbox>
			<xmin>341</xmin>
			<ymin>140</ymin>
			<xmax>449</xmax>
			<ymax>217</ymax>
		</bndbox>
	</object>
	<object>
		<name>waffle</name>
		<pose>Unspecified</pose>
		<truncated>0</truncated>
		<difficult>0</difficult>
		<bndbox>
			<xmin>378</xmin>
			<ymin>65</ymin>
			<xmax>494</xmax>
			<ymax>136</ymax>
		</bndbox>
	</object>
	<object>
		<name>waffle</name>
		<pose>Unspecified</pose>
		<truncated>0</truncated>
		<difficult>0</difficult>
		<bndbox>
			<xmin>673</xmin>
			<ymin>168</ymin>
			<xmax>799</xmax>
			<ymax>279</ymax>
		</bndbox>
	</object>
</annotation>
