<annotation>
	<folder>train</folder>
	<filename>IMG_20190814_190210.jpg</filename>
	<path>C:\Users\racha\Documents\Tensorflow\models\research\object_detection\images\train\IMG_20190814_190210.jpg</path>
	<source>
		<database>Unknown</database>
	</source>
	<size>
		<width>800</width>
		<height>600</height>
		<depth>3</depth>
	</size>
	<segmented>0</segmented>
	<object>
		<name>cake</name>
		<pose>Unspecified</pose>
		<truncated>0</truncated>
		<difficult>0</difficult>
		<bndbox>
			<xmin>312</xmin>
			<ymin>409</ymin>
			<xmax>479</xmax>
			<ymax>545</ymax>
		</bndbox>
	</object>
</annotation>
