<annotation>
	<folder>train</folder>
	<filename>IMG_20160330_085417513.jpg</filename>
	<path>C:\Users\racha\Documents\Tensorflow\models\research\object_detection\images\train\IMG_20160330_085417513.jpg</path>
	<source>
		<database>Unknown</database>
	</source>
	<size>
		<width>800</width>
		<height>600</height>
		<depth>3</depth>
	</size>
	<segmented>0</segmented>
	<object>
		<name>cupcake</name>
		<pose>Unspecified</pose>
		<truncated>0</truncated>
		<difficult>0</difficult>
		<bndbox>
			<xmin>142</xmin>
			<ymin>189</ymin>
			<xmax>307</xmax>
			<ymax>402</ymax>
		</bndbox>
	</object>
	<object>
		<name>cupcake</name>
		<pose>Unspecified</pose>
		<truncated>0</truncated>
		<difficult>0</difficult>
		<bndbox>
			<xmin>447</xmin>
			<ymin>215</ymin>
			<xmax>599</xmax>
			<ymax>418</ymax>
		</bndbox>
	</object>
	<object>
		<name>cupcake</name>
		<pose>Unspecified</pose>
		<truncated>0</truncated>
		<difficult>0</difficult>
		<bndbox>
			<xmin>605</xmin>
			<ymin>207</ymin>
			<xmax>765</xmax>
			<ymax>401</ymax>
		</bndbox>
	</object>
	<object>
		<name>cupcake</name>
		<pose>Unspecified</pose>
		<truncated>0</truncated>
		<difficult>0</difficult>
		<bndbox>
			<xmin>461</xmin>
			<ymin>397</ymin>
			<xmax>649</xmax>
			<ymax>599</ymax>
		</bndbox>
	</object>
	<object>
		<name>cupcake</name>
		<pose>Unspecified</pose>
		<truncated>1</truncated>
		<difficult>0</difficult>
		<bndbox>
			<xmin>131</xmin>
			<ymin>390</ymin>
			<xmax>308</xmax>
			<ymax>600</ymax>
		</bndbox>
	</object>
	<object>
		<name>cupcake</name>
		<pose>Unspecified</pose>
		<truncated>1</truncated>
		<difficult>0</difficult>
		<bndbox>
			<xmin>1</xmin>
			<ymin>46</ymin>
			<xmax>144</xmax>
			<ymax>211</ymax>
		</bndbox>
	</object>
	<object>
		<name>cupcake</name>
		<pose>Unspecified</pose>
		<truncated>0</truncated>
		<difficult>0</difficult>
		<bndbox>
			<xmin>285</xmin>
			<ymin>3</ymin>
			<xmax>445</xmax>
			<ymax>208</ymax>
		</bndbox>
	</object>
	<object>
		<name>cupcake</name>
		<pose>Unspecified</pose>
		<truncated>0</truncated>
		<difficult>0</difficult>
		<bndbox>
			<xmin>440</xmin>
			<ymin>18</ymin>
			<xmax>592</xmax>
			<ymax>211</ymax>
		</bndbox>
	</object>
	<object>
		<name>cupcake</name>
		<pose>Unspecified</pose>
		<truncated>0</truncated>
		<difficult>0</difficult>
		<bndbox>
			<xmin>587</xmin>
			<ymin>8</ymin>
			<xmax>744</xmax>
			<ymax>205</ymax>
		</bndbox>
	</object>
</annotation>
