<annotation>
	<folder>train</folder>
	<filename>IMG_20180516_103425.jpg</filename>
	<path>C:\Users\racha\Documents\Tensorflow\models\research\object_detection\images\train\IMG_20180516_103425.jpg</path>
	<source>
		<database>Unknown</database>
	</source>
	<size>
		<width>800</width>
		<height>600</height>
		<depth>3</depth>
	</size>
	<segmented>0</segmented>
	<object>
		<name>doughnut</name>
		<pose>Unspecified</pose>
		<truncated>0</truncated>
		<difficult>0</difficult>
		<bndbox>
			<xmin>64</xmin>
			<ymin>76</ymin>
			<xmax>274</xmax>
			<ymax>173</ymax>
		</bndbox>
	</object>
	<object>
		<name>doughnut</name>
		<pose>Unspecified</pose>
		<truncated>0</truncated>
		<difficult>0</difficult>
		<bndbox>
			<xmin>47</xmin>
			<ymin>156</ymin>
			<xmax>284</xmax>
			<ymax>247</ymax>
		</bndbox>
	</object>
	<object>
		<name>doughnut</name>
		<pose>Unspecified</pose>
		<truncated>0</truncated>
		<difficult>0</difficult>
		<bndbox>
			<xmin>11</xmin>
			<ymin>240</ymin>
			<xmax>252</xmax>
			<ymax>353</ymax>
		</bndbox>
	</object>
	<object>
		<name>doughnut</name>
		<pose>Unspecified</pose>
		<truncated>0</truncated>
		<difficult>0</difficult>
		<bndbox>
			<xmin>9</xmin>
			<ymin>355</ymin>
			<xmax>270</xmax>
			<ymax>499</ymax>
		</bndbox>
	</object>
	<object>
		<name>doughnut</name>
		<pose>Unspecified</pose>
		<truncated>0</truncated>
		<difficult>0</difficult>
		<bndbox>
			<xmin>277</xmin>
			<ymin>87</ymin>
			<xmax>461</xmax>
			<ymax>166</ymax>
		</bndbox>
	</object>
	<object>
		<name>doughnut</name>
		<pose>Unspecified</pose>
		<truncated>0</truncated>
		<difficult>0</difficult>
		<bndbox>
			<xmin>279</xmin>
			<ymin>160</ymin>
			<xmax>498</xmax>
			<ymax>276</ymax>
		</bndbox>
	</object>
	<object>
		<name>doughnut</name>
		<pose>Unspecified</pose>
		<truncated>0</truncated>
		<difficult>0</difficult>
		<bndbox>
			<xmin>257</xmin>
			<ymin>252</ymin>
			<xmax>487</xmax>
			<ymax>360</ymax>
		</bndbox>
	</object>
	<object>
		<name>doughnut</name>
		<pose>Unspecified</pose>
		<truncated>0</truncated>
		<difficult>0</difficult>
		<bndbox>
			<xmin>269</xmin>
			<ymin>359</ymin>
			<xmax>552</xmax>
			<ymax>488</ymax>
		</bndbox>
	</object>
	<object>
		<name>doughnut</name>
		<pose>Unspecified</pose>
		<truncated>0</truncated>
		<difficult>0</difficult>
		<bndbox>
			<xmin>454</xmin>
			<ymin>91</ymin>
			<xmax>655</xmax>
			<ymax>170</ymax>
		</bndbox>
	</object>
	<object>
		<name>doughnut</name>
		<pose>Unspecified</pose>
		<truncated>0</truncated>
		<difficult>0</difficult>
		<bndbox>
			<xmin>488</xmin>
			<ymin>156</ymin>
			<xmax>696</xmax>
			<ymax>260</ymax>
		</bndbox>
	</object>
	<object>
		<name>doughnut</name>
		<pose>Unspecified</pose>
		<truncated>0</truncated>
		<difficult>0</difficult>
		<bndbox>
			<xmin>485</xmin>
			<ymin>252</ymin>
			<xmax>730</xmax>
			<ymax>363</ymax>
		</bndbox>
	</object>
	<object>
		<name>doughnut</name>
		<pose>Unspecified</pose>
		<truncated>1</truncated>
		<difficult>0</difficult>
		<bndbox>
			<xmin>542</xmin>
			<ymin>352</ymin>
			<xmax>800</xmax>
			<ymax>482</ymax>
		</bndbox>
	</object>
</annotation>
