<annotation>
	<folder>train</folder>
	<filename>IMG_20170910_115506.jpg</filename>
	<path>C:\Users\racha\Documents\Tensorflow\models\research\object_detection\images\train\IMG_20170910_115506.jpg</path>
	<source>
		<database>Unknown</database>
	</source>
	<size>
		<width>800</width>
		<height>600</height>
		<depth>3</depth>
	</size>
	<segmented>0</segmented>
	<object>
		<name>pancake</name>
		<pose>Unspecified</pose>
		<truncated>0</truncated>
		<difficult>0</difficult>
		<bndbox>
			<xmin>578</xmin>
			<ymin>235</ymin>
			<xmax>787</xmax>
			<ymax>438</ymax>
		</bndbox>
	</object>
	<object>
		<name>french toast</name>
		<pose>Unspecified</pose>
		<truncated>0</truncated>
		<difficult>0</difficult>
		<bndbox>
			<xmin>267</xmin>
			<ymin>66</ymin>
			<xmax>490</xmax>
			<ymax>226</ymax>
		</bndbox>
	</object>
</annotation>
