<annotation>
	<folder>train</folder>
	<filename>IMG_20160330_085354302.jpg</filename>
	<path>C:\Users\racha\Documents\Tensorflow\models\research\object_detection\images\train\IMG_20160330_085354302.jpg</path>
	<source>
		<database>Unknown</database>
	</source>
	<size>
		<width>800</width>
		<height>600</height>
		<depth>3</depth>
	</size>
	<segmented>0</segmented>
	<object>
		<name>cupcake</name>
		<pose>Unspecified</pose>
		<truncated>0</truncated>
		<difficult>0</difficult>
		<bndbox>
			<xmin>51</xmin>
			<ymin>16</ymin>
			<xmax>148</xmax>
			<ymax>118</ymax>
		</bndbox>
	</object>
	<object>
		<name>cupcake</name>
		<pose>Unspecified</pose>
		<truncated>0</truncated>
		<difficult>0</difficult>
		<bndbox>
			<xmin>31</xmin>
			<ymin>89</ymin>
			<xmax>141</xmax>
			<ymax>196</ymax>
		</bndbox>
	</object>
	<object>
		<name>cupcake</name>
		<pose>Unspecified</pose>
		<truncated>1</truncated>
		<difficult>0</difficult>
		<bndbox>
			<xmin>1</xmin>
			<ymin>183</ymin>
			<xmax>109</xmax>
			<ymax>286</ymax>
		</bndbox>
	</object>
	<object>
		<name>cupcake</name>
		<pose>Unspecified</pose>
		<truncated>1</truncated>
		<difficult>0</difficult>
		<bndbox>
			<xmin>1</xmin>
			<ymin>267</ymin>
			<xmax>90</xmax>
			<ymax>387</ymax>
		</bndbox>
	</object>
	<object>
		<name>cupcake</name>
		<pose>Unspecified</pose>
		<truncated>1</truncated>
		<difficult>0</difficult>
		<bndbox>
			<xmin>1</xmin>
			<ymin>365</ymin>
			<xmax>68</xmax>
			<ymax>492</ymax>
		</bndbox>
	</object>
	<object>
		<name>cupcake</name>
		<pose>Unspecified</pose>
		<truncated>0</truncated>
		<difficult>0</difficult>
		<bndbox>
			<xmin>146</xmin>
			<ymin>18</ymin>
			<xmax>228</xmax>
			<ymax>116</ymax>
		</bndbox>
	</object>
	<object>
		<name>cupcake</name>
		<pose>Unspecified</pose>
		<truncated>0</truncated>
		<difficult>0</difficult>
		<bndbox>
			<xmin>131</xmin>
			<ymin>95</ymin>
			<xmax>220</xmax>
			<ymax>198</ymax>
		</bndbox>
	</object>
	<object>
		<name>cupcake</name>
		<pose>Unspecified</pose>
		<truncated>0</truncated>
		<difficult>0</difficult>
		<bndbox>
			<xmin>104</xmin>
			<ymin>179</ymin>
			<xmax>207</xmax>
			<ymax>289</ymax>
		</bndbox>
	</object>
	<object>
		<name>cupcake</name>
		<pose>Unspecified</pose>
		<truncated>0</truncated>
		<difficult>0</difficult>
		<bndbox>
			<xmin>85</xmin>
			<ymin>268</ymin>
			<xmax>197</xmax>
			<ymax>377</ymax>
		</bndbox>
	</object>
	<object>
		<name>cupcake</name>
		<pose>Unspecified</pose>
		<truncated>0</truncated>
		<difficult>0</difficult>
		<bndbox>
			<xmin>69</xmin>
			<ymin>370</ymin>
			<xmax>202</xmax>
			<ymax>505</ymax>
		</bndbox>
	</object>
	<object>
		<name>cupcake</name>
		<pose>Unspecified</pose>
		<truncated>0</truncated>
		<difficult>0</difficult>
		<bndbox>
			<xmin>229</xmin>
			<ymin>10</ymin>
			<xmax>310</xmax>
			<ymax>100</ymax>
		</bndbox>
	</object>
	<object>
		<name>cupcake</name>
		<pose>Unspecified</pose>
		<truncated>0</truncated>
		<difficult>0</difficult>
		<bndbox>
			<xmin>216</xmin>
			<ymin>86</ymin>
			<xmax>310</xmax>
			<ymax>181</ymax>
		</bndbox>
	</object>
	<object>
		<name>cupcake</name>
		<pose>Unspecified</pose>
		<truncated>0</truncated>
		<difficult>0</difficult>
		<bndbox>
			<xmin>204</xmin>
			<ymin>159</ymin>
			<xmax>297</xmax>
			<ymax>258</ymax>
		</bndbox>
	</object>
	<object>
		<name>cupcake</name>
		<pose>Unspecified</pose>
		<truncated>0</truncated>
		<difficult>0</difficult>
		<bndbox>
			<xmin>191</xmin>
			<ymin>248</ymin>
			<xmax>292</xmax>
			<ymax>358</ymax>
		</bndbox>
	</object>
	<object>
		<name>cupcake</name>
		<pose>Unspecified</pose>
		<truncated>0</truncated>
		<difficult>0</difficult>
		<bndbox>
			<xmin>180</xmin>
			<ymin>352</ymin>
			<xmax>286</xmax>
			<ymax>483</ymax>
		</bndbox>
	</object>
	<object>
		<name>cupcake</name>
		<pose>Unspecified</pose>
		<truncated>0</truncated>
		<difficult>0</difficult>
		<bndbox>
			<xmin>310</xmin>
			<ymin>15</ymin>
			<xmax>390</xmax>
			<ymax>103</ymax>
		</bndbox>
	</object>
	<object>
		<name>cupcake</name>
		<pose>Unspecified</pose>
		<truncated>0</truncated>
		<difficult>0</difficult>
		<bndbox>
			<xmin>310</xmin>
			<ymin>90</ymin>
			<xmax>388</xmax>
			<ymax>185</ymax>
		</bndbox>
	</object>
	<object>
		<name>cupcake</name>
		<pose>Unspecified</pose>
		<truncated>0</truncated>
		<difficult>0</difficult>
		<bndbox>
			<xmin>288</xmin>
			<ymin>161</ymin>
			<xmax>379</xmax>
			<ymax>261</ymax>
		</bndbox>
	</object>
	<object>
		<name>cupcake</name>
		<pose>Unspecified</pose>
		<truncated>0</truncated>
		<difficult>0</difficult>
		<bndbox>
			<xmin>291</xmin>
			<ymin>252</ymin>
			<xmax>390</xmax>
			<ymax>367</ymax>
		</bndbox>
	</object>
	<object>
		<name>cupcake</name>
		<pose>Unspecified</pose>
		<truncated>0</truncated>
		<difficult>0</difficult>
		<bndbox>
			<xmin>292</xmin>
			<ymin>356</ymin>
			<xmax>391</xmax>
			<ymax>486</ymax>
		</bndbox>
	</object>
	<object>
		<name>cupcake</name>
		<pose>Unspecified</pose>
		<truncated>0</truncated>
		<difficult>0</difficult>
		<bndbox>
			<xmin>388</xmin>
			<ymin>23</ymin>
			<xmax>467</xmax>
			<ymax>101</ymax>
		</bndbox>
	</object>
	<object>
		<name>cupcake</name>
		<pose>Unspecified</pose>
		<truncated>0</truncated>
		<difficult>0</difficult>
		<bndbox>
			<xmin>387</xmin>
			<ymin>98</ymin>
			<xmax>484</xmax>
			<ymax>186</ymax>
		</bndbox>
	</object>
	<object>
		<name>cupcake</name>
		<pose>Unspecified</pose>
		<truncated>0</truncated>
		<difficult>0</difficult>
		<bndbox>
			<xmin>379</xmin>
			<ymin>171</ymin>
			<xmax>452</xmax>
			<ymax>259</ymax>
		</bndbox>
	</object>
	<object>
		<name>cupcake</name>
		<pose>Unspecified</pose>
		<truncated>0</truncated>
		<difficult>0</difficult>
		<bndbox>
			<xmin>379</xmin>
			<ymin>251</ymin>
			<xmax>484</xmax>
			<ymax>360</ymax>
		</bndbox>
	</object>
	<object>
		<name>cupcake</name>
		<pose>Unspecified</pose>
		<truncated>0</truncated>
		<difficult>0</difficult>
		<bndbox>
			<xmin>392</xmin>
			<ymin>359</ymin>
			<xmax>512</xmax>
			<ymax>480</ymax>
		</bndbox>
	</object>
	<object>
		<name>cupcake</name>
		<pose>Unspecified</pose>
		<truncated>0</truncated>
		<difficult>0</difficult>
		<bndbox>
			<xmin>466</xmin>
			<ymin>12</ymin>
			<xmax>540</xmax>
			<ymax>92</ymax>
		</bndbox>
	</object>
	<object>
		<name>cupcake</name>
		<pose>Unspecified</pose>
		<truncated>0</truncated>
		<difficult>0</difficult>
		<bndbox>
			<xmin>476</xmin>
			<ymin>87</ymin>
			<xmax>559</xmax>
			<ymax>172</ymax>
		</bndbox>
	</object>
	<object>
		<name>cupcake</name>
		<pose>Unspecified</pose>
		<truncated>0</truncated>
		<difficult>0</difficult>
		<bndbox>
			<xmin>468</xmin>
			<ymin>166</ymin>
			<xmax>550</xmax>
			<ymax>258</ymax>
		</bndbox>
	</object>
	<object>
		<name>cupcake</name>
		<pose>Unspecified</pose>
		<truncated>0</truncated>
		<difficult>0</difficult>
		<bndbox>
			<xmin>476</xmin>
			<ymin>255</ymin>
			<xmax>576</xmax>
			<ymax>360</ymax>
		</bndbox>
	</object>
	<object>
		<name>cupcake</name>
		<pose>Unspecified</pose>
		<truncated>0</truncated>
		<difficult>0</difficult>
		<bndbox>
			<xmin>505</xmin>
			<ymin>356</ymin>
			<xmax>631</xmax>
			<ymax>501</ymax>
		</bndbox>
	</object>
	<object>
		<name>cupcake</name>
		<pose>Unspecified</pose>
		<truncated>0</truncated>
		<difficult>0</difficult>
		<bndbox>
			<xmin>531</xmin>
			<ymin>9</ymin>
			<xmax>610</xmax>
			<ymax>91</ymax>
		</bndbox>
	</object>
	<object>
		<name>cupcake</name>
		<pose>Unspecified</pose>
		<truncated>0</truncated>
		<difficult>0</difficult>
		<bndbox>
			<xmin>557</xmin>
			<ymin>80</ymin>
			<xmax>640</xmax>
			<ymax>169</ymax>
		</bndbox>
	</object>
	<object>
		<name>cupcake</name>
		<pose>Unspecified</pose>
		<truncated>0</truncated>
		<difficult>0</difficult>
		<bndbox>
			<xmin>552</xmin>
			<ymin>159</ymin>
			<xmax>649</xmax>
			<ymax>258</ymax>
		</bndbox>
	</object>
	<object>
		<name>cupcake</name>
		<pose>Unspecified</pose>
		<truncated>0</truncated>
		<difficult>0</difficult>
		<bndbox>
			<xmin>579</xmin>
			<ymin>239</ymin>
			<xmax>678</xmax>
			<ymax>355</ymax>
		</bndbox>
	</object>
	<object>
		<name>cupcake</name>
		<pose>Unspecified</pose>
		<truncated>0</truncated>
		<difficult>0</difficult>
		<bndbox>
			<xmin>599</xmin>
			<ymin>339</ymin>
			<xmax>714</xmax>
			<ymax>471</ymax>
		</bndbox>
	</object>
	<object>
		<name>cupcake</name>
		<pose>Unspecified</pose>
		<truncated>0</truncated>
		<difficult>0</difficult>
		<bndbox>
			<xmin>606</xmin>
			<ymin>6</ymin>
			<xmax>680</xmax>
			<ymax>89</ymax>
		</bndbox>
	</object>
	<object>
		<name>cupcake</name>
		<pose>Unspecified</pose>
		<truncated>0</truncated>
		<difficult>0</difficult>
		<bndbox>
			<xmin>631</xmin>
			<ymin>85</ymin>
			<xmax>708</xmax>
			<ymax>169</ymax>
		</bndbox>
	</object>
	<object>
		<name>cupcake</name>
		<pose>Unspecified</pose>
		<truncated>0</truncated>
		<difficult>0</difficult>
		<bndbox>
			<xmin>647</xmin>
			<ymin>162</ymin>
			<xmax>738</xmax>
			<ymax>262</ymax>
		</bndbox>
	</object>
	<object>
		<name>cupcake</name>
		<pose>Unspecified</pose>
		<truncated>0</truncated>
		<difficult>0</difficult>
		<bndbox>
			<xmin>672</xmin>
			<ymin>241</ymin>
			<xmax>777</xmax>
			<ymax>365</ymax>
		</bndbox>
	</object>
	<object>
		<name>cupcake</name>
		<pose>Unspecified</pose>
		<truncated>1</truncated>
		<difficult>0</difficult>
		<bndbox>
			<xmin>707</xmin>
			<ymin>338</ymin>
			<xmax>800</xmax>
			<ymax>461</ymax>
		</bndbox>
	</object>
</annotation>
