<annotation>
	<folder>train</folder>
	<filename>IMG_20180915_002201-01.jpeg</filename>
	<path>C:\Users\racha\Documents\Tensorflow\models\research\object_detection\images\train\IMG_20180915_002201-01.jpeg</path>
	<source>
		<database>Unknown</database>
	</source>
	<size>
		<width>800</width>
		<height>600</height>
		<depth>3</depth>
	</size>
	<segmented>0</segmented>
	<object>
		<name>cupcake</name>
		<pose>Unspecified</pose>
		<truncated>0</truncated>
		<difficult>0</difficult>
		<bndbox>
			<xmin>65</xmin>
			<ymin>100</ymin>
			<xmax>386</xmax>
			<ymax>257</ymax>
		</bndbox>
	</object>
	<object>
		<name>cupcake</name>
		<pose>Unspecified</pose>
		<truncated>0</truncated>
		<difficult>0</difficult>
		<bndbox>
			<xmin>81</xmin>
			<ymin>265</ymin>
			<xmax>450</xmax>
			<ymax>428</ymax>
		</bndbox>
	</object>
	<object>
		<name>cupcake</name>
		<pose>Unspecified</pose>
		<truncated>0</truncated>
		<difficult>0</difficult>
		<bndbox>
			<xmin>85</xmin>
			<ymin>417</ymin>
			<xmax>465</xmax>
			<ymax>593</ymax>
		</bndbox>
	</object>
	<object>
		<name>cupcake</name>
		<pose>Unspecified</pose>
		<truncated>0</truncated>
		<difficult>0</difficult>
		<bndbox>
			<xmin>371</xmin>
			<ymin>16</ymin>
			<xmax>724</xmax>
			<ymax>177</ymax>
		</bndbox>
	</object>
	<object>
		<name>cupcake</name>
		<pose>Unspecified</pose>
		<truncated>0</truncated>
		<difficult>0</difficult>
		<bndbox>
			<xmin>387</xmin>
			<ymin>173</ymin>
			<xmax>757</xmax>
			<ymax>349</ymax>
		</bndbox>
	</object>
	<object>
		<name>cupcake</name>
		<pose>Unspecified</pose>
		<truncated>1</truncated>
		<difficult>0</difficult>
		<bndbox>
			<xmin>418</xmin>
			<ymin>346</ymin>
			<xmax>800</xmax>
			<ymax>553</ymax>
		</bndbox>
	</object>
</annotation>
