<annotation>
	<folder>train</folder>
	<filename>IMG_20180531_072022.jpg</filename>
	<path>C:\Users\racha\Documents\Tensorflow\models\research\object_detection\images\train\IMG_20180531_072022.jpg</path>
	<source>
		<database>Unknown</database>
	</source>
	<size>
		<width>800</width>
		<height>600</height>
		<depth>3</depth>
	</size>
	<segmented>0</segmented>
	<object>
		<name>doughnut</name>
		<pose>Unspecified</pose>
		<truncated>0</truncated>
		<difficult>0</difficult>
		<bndbox>
			<xmin>218</xmin>
			<ymin>155</ymin>
			<xmax>356</xmax>
			<ymax>225</ymax>
		</bndbox>
	</object>
	<object>
		<name>flan</name>
		<pose>Unspecified</pose>
		<truncated>0</truncated>
		<difficult>0</difficult>
		<bndbox>
			<xmin>166</xmin>
			<ymin>210</ymin>
			<xmax>324</xmax>
			<ymax>289</ymax>
		</bndbox>
	</object>
	<object>
		<name>doughnut</name>
		<pose>Unspecified</pose>
		<truncated>0</truncated>
		<difficult>0</difficult>
		<bndbox>
			<xmin>125</xmin>
			<ymin>291</ymin>
			<xmax>301</xmax>
			<ymax>378</ymax>
		</bndbox>
	</object>
	<object>
		<name>doughnut</name>
		<pose>Unspecified</pose>
		<truncated>0</truncated>
		<difficult>0</difficult>
		<bndbox>
			<xmin>62</xmin>
			<ymin>372</ymin>
			<xmax>267</xmax>
			<ymax>506</ymax>
		</bndbox>
	</object>
	<object>
		<name>doughnut</name>
		<pose>Unspecified</pose>
		<truncated>0</truncated>
		<difficult>0</difficult>
		<bndbox>
			<xmin>265</xmin>
			<ymin>387</ymin>
			<xmax>470</xmax>
			<ymax>506</ymax>
		</bndbox>
	</object>
	<object>
		<name>doughnut</name>
		<pose>Unspecified</pose>
		<truncated>0</truncated>
		<difficult>0</difficult>
		<bndbox>
			<xmin>300</xmin>
			<ymin>292</ymin>
			<xmax>474</xmax>
			<ymax>380</ymax>
		</bndbox>
	</object>
	<object>
		<name>doughnut</name>
		<pose>Unspecified</pose>
		<truncated>0</truncated>
		<difficult>0</difficult>
		<bndbox>
			<xmin>318</xmin>
			<ymin>210</ymin>
			<xmax>490</xmax>
			<ymax>299</ymax>
		</bndbox>
	</object>
	<object>
		<name>doughnut</name>
		<pose>Unspecified</pose>
		<truncated>0</truncated>
		<difficult>0</difficult>
		<bndbox>
			<xmin>354</xmin>
			<ymin>149</ymin>
			<xmax>499</xmax>
			<ymax>223</ymax>
		</bndbox>
	</object>
	<object>
		<name>doughnut</name>
		<pose>Unspecified</pose>
		<truncated>0</truncated>
		<difficult>0</difficult>
		<bndbox>
			<xmin>495</xmin>
			<ymin>133</ymin>
			<xmax>666</xmax>
			<ymax>205</ymax>
		</bndbox>
	</object>
	<object>
		<name>flan</name>
		<pose>Unspecified</pose>
		<truncated>0</truncated>
		<difficult>0</difficult>
		<bndbox>
			<xmin>496</xmin>
			<ymin>197</ymin>
			<xmax>678</xmax>
			<ymax>289</ymax>
		</bndbox>
	</object>
	<object>
		<name>doughnut</name>
		<pose>Unspecified</pose>
		<truncated>0</truncated>
		<difficult>0</difficult>
		<bndbox>
			<xmin>479</xmin>
			<ymin>278</ymin>
			<xmax>690</xmax>
			<ymax>378</ymax>
		</bndbox>
	</object>
	<object>
		<name>doughnut</name>
		<pose>Unspecified</pose>
		<truncated>0</truncated>
		<difficult>0</difficult>
		<bndbox>
			<xmin>465</xmin>
			<ymin>363</ymin>
			<xmax>709</xmax>
			<ymax>521</ymax>
		</bndbox>
	</object>
</annotation>
