<annotation>
	<folder>train</folder>
	<filename>IMG_20160330_103722339.jpg</filename>
	<path>C:\Users\racha\Documents\Tensorflow\models\research\object_detection\images\train\IMG_20160330_103722339.jpg</path>
	<source>
		<database>Unknown</database>
	</source>
	<size>
		<width>800</width>
		<height>600</height>
		<depth>3</depth>
	</size>
	<segmented>0</segmented>
	<object>
		<name>doughnut</name>
		<pose>Unspecified</pose>
		<truncated>0</truncated>
		<difficult>0</difficult>
		<bndbox>
			<xmin>157</xmin>
			<ymin>242</ymin>
			<xmax>311</xmax>
			<ymax>390</ymax>
		</bndbox>
	</object>
	<object>
		<name>doughnut</name>
		<pose>Unspecified</pose>
		<truncated>0</truncated>
		<difficult>0</difficult>
		<bndbox>
			<xmin>305</xmin>
			<ymin>270</ymin>
			<xmax>438</xmax>
			<ymax>453</ymax>
		</bndbox>
	</object>
	<object>
		<name>doughnut</name>
		<pose>Unspecified</pose>
		<truncated>0</truncated>
		<difficult>0</difficult>
		<bndbox>
			<xmin>440</xmin>
			<ymin>295</ymin>
			<xmax>560</xmax>
			<ymax>465</ymax>
		</bndbox>
	</object>
	<object>
		<name>doughnut</name>
		<pose>Unspecified</pose>
		<truncated>0</truncated>
		<difficult>0</difficult>
		<bndbox>
			<xmin>556</xmin>
			<ymin>327</ymin>
			<xmax>698</xmax>
			<ymax>473</ymax>
		</bndbox>
	</object>
	<object>
		<name>doughnut</name>
		<pose>Unspecified</pose>
		<truncated>0</truncated>
		<difficult>0</difficult>
		<bndbox>
			<xmin>165</xmin>
			<ymin>166</ymin>
			<xmax>317</xmax>
			<ymax>269</ymax>
		</bndbox>
	</object>
	<object>
		<name>doughnut</name>
		<pose>Unspecified</pose>
		<truncated>0</truncated>
		<difficult>0</difficult>
		<bndbox>
			<xmin>319</xmin>
			<ymin>206</ymin>
			<xmax>440</xmax>
			<ymax>313</ymax>
		</bndbox>
	</object>
	<object>
		<name>doughnut</name>
		<pose>Unspecified</pose>
		<truncated>0</truncated>
		<difficult>0</difficult>
		<bndbox>
			<xmin>436</xmin>
			<ymin>223</ymin>
			<xmax>552</xmax>
			<ymax>331</ymax>
		</bndbox>
	</object>
	<object>
		<name>doughnut</name>
		<pose>Unspecified</pose>
		<truncated>0</truncated>
		<difficult>0</difficult>
		<bndbox>
			<xmin>558</xmin>
			<ymin>250</ymin>
			<xmax>647</xmax>
			<ymax>337</ymax>
		</bndbox>
	</object>
	<object>
		<name>doughnut</name>
		<pose>Unspecified</pose>
		<truncated>0</truncated>
		<difficult>0</difficult>
		<bndbox>
			<xmin>177</xmin>
			<ymin>106</ymin>
			<xmax>299</xmax>
			<ymax>179</ymax>
		</bndbox>
	</object>
	<object>
		<name>doughnut</name>
		<pose>Unspecified</pose>
		<truncated>0</truncated>
		<difficult>0</difficult>
		<bndbox>
			<xmin>320</xmin>
			<ymin>130</ymin>
			<xmax>448</xmax>
			<ymax>245</ymax>
		</bndbox>
	</object>
	<object>
		<name>doughnut</name>
		<pose>Unspecified</pose>
		<truncated>0</truncated>
		<difficult>0</difficult>
		<bndbox>
			<xmin>434</xmin>
			<ymin>160</ymin>
			<xmax>526</xmax>
			<ymax>239</ymax>
		</bndbox>
	</object>
	<object>
		<name>doughnut</name>
		<pose>Unspecified</pose>
		<truncated>0</truncated>
		<difficult>0</difficult>
		<bndbox>
			<xmin>519</xmin>
			<ymin>177</ymin>
			<xmax>611</xmax>
			<ymax>261</ymax>
		</bndbox>
	</object>
	<object>
		<name>doughnut</name>
		<pose>Unspecified</pose>
		<truncated>0</truncated>
		<difficult>0</difficult>
		<bndbox>
			<xmin>240</xmin>
			<ymin>71</ymin>
			<xmax>352</xmax>
			<ymax>186</ymax>
		</bndbox>
	</object>
	<object>
		<name>doughnut</name>
		<pose>Unspecified</pose>
		<truncated>0</truncated>
		<difficult>0</difficult>
		<bndbox>
			<xmin>335</xmin>
			<ymin>91</ymin>
			<xmax>432</xmax>
			<ymax>171</ymax>
		</bndbox>
	</object>
	<object>
		<name>doughnut</name>
		<pose>Unspecified</pose>
		<truncated>0</truncated>
		<difficult>0</difficult>
		<bndbox>
			<xmin>431</xmin>
			<ymin>112</ymin>
			<xmax>496</xmax>
			<ymax>172</ymax>
		</bndbox>
	</object>
	<object>
		<name>doughnut</name>
		<pose>Unspecified</pose>
		<truncated>0</truncated>
		<difficult>0</difficult>
		<bndbox>
			<xmin>507</xmin>
			<ymin>127</ymin>
			<xmax>604</xmax>
			<ymax>222</ymax>
		</bndbox>
	</object>
	<object>
		<name>doughnut</name>
		<pose>Unspecified</pose>
		<truncated>0</truncated>
		<difficult>0</difficult>
		<bndbox>
			<xmin>224</xmin>
			<ymin>23</ymin>
			<xmax>331</xmax>
			<ymax>95</ymax>
		</bndbox>
	</object>
	<object>
		<name>doughnut</name>
		<pose>Unspecified</pose>
		<truncated>0</truncated>
		<difficult>0</difficult>
		<bndbox>
			<xmin>319</xmin>
			<ymin>51</ymin>
			<xmax>407</xmax>
			<ymax>126</ymax>
		</bndbox>
	</object>
	<object>
		<name>doughnut</name>
		<pose>Unspecified</pose>
		<truncated>0</truncated>
		<difficult>0</difficult>
		<bndbox>
			<xmin>408</xmin>
			<ymin>58</ymin>
			<xmax>476</xmax>
			<ymax>126</ymax>
		</bndbox>
	</object>
	<object>
		<name>doughnut</name>
		<pose>Unspecified</pose>
		<truncated>0</truncated>
		<difficult>0</difficult>
		<bndbox>
			<xmin>470</xmin>
			<ymin>77</ymin>
			<xmax>545</xmax>
			<ymax>157</ymax>
		</bndbox>
	</object>
</annotation>
