<annotation>
	<folder>train</folder>
	<filename>IMG_20180516_103525.jpg</filename>
	<path>C:\Users\racha\Documents\Tensorflow\models\research\object_detection\images\train\IMG_20180516_103525.jpg</path>
	<source>
		<database>Unknown</database>
	</source>
	<size>
		<width>800</width>
		<height>600</height>
		<depth>3</depth>
	</size>
	<segmented>0</segmented>
	<object>
		<name>doughnut</name>
		<pose>Unspecified</pose>
		<truncated>0</truncated>
		<difficult>0</difficult>
		<bndbox>
			<xmin>149</xmin>
			<ymin>198</ymin>
			<xmax>352</xmax>
			<ymax>267</ymax>
		</bndbox>
	</object>
	<object>
		<name>doughnut</name>
		<pose>Unspecified</pose>
		<truncated>0</truncated>
		<difficult>0</difficult>
		<bndbox>
			<xmin>144</xmin>
			<ymin>256</ymin>
			<xmax>406</xmax>
			<ymax>348</ymax>
		</bndbox>
	</object>
	<object>
		<name>doughnut</name>
		<pose>Unspecified</pose>
		<truncated>0</truncated>
		<difficult>0</difficult>
		<bndbox>
			<xmin>131</xmin>
			<ymin>352</ymin>
			<xmax>381</xmax>
			<ymax>497</ymax>
		</bndbox>
	</object>
	<object>
		<name>doughnut</name>
		<pose>Unspecified</pose>
		<truncated>1</truncated>
		<difficult>0</difficult>
		<bndbox>
			<xmin>121</xmin>
			<ymin>496</ymin>
			<xmax>453</xmax>
			<ymax>600</ymax>
		</bndbox>
	</object>
	<object>
		<name>doughnut</name>
		<pose>Unspecified</pose>
		<truncated>1</truncated>
		<difficult>0</difficult>
		<bndbox>
			<xmin>456</xmin>
			<ymin>479</ymin>
			<xmax>789</xmax>
			<ymax>600</ymax>
		</bndbox>
	</object>
	<object>
		<name>doughnut</name>
		<pose>Unspecified</pose>
		<truncated>0</truncated>
		<difficult>0</difficult>
		<bndbox>
			<xmin>390</xmin>
			<ymin>357</ymin>
			<xmax>637</xmax>
			<ymax>492</ymax>
		</bndbox>
	</object>
	<object>
		<name>doughnut</name>
		<pose>Unspecified</pose>
		<truncated>0</truncated>
		<difficult>0</difficult>
		<bndbox>
			<xmin>401</xmin>
			<ymin>260</ymin>
			<xmax>590</xmax>
			<ymax>367</ymax>
		</bndbox>
	</object>
	<object>
		<name>doughnut</name>
		<pose>Unspecified</pose>
		<truncated>0</truncated>
		<difficult>0</difficult>
		<bndbox>
			<xmin>575</xmin>
			<ymin>266</ymin>
			<xmax>795</xmax>
			<ymax>358</ymax>
		</bndbox>
	</object>
	<object>
		<name>doughnut</name>
		<pose>Unspecified</pose>
		<truncated>1</truncated>
		<difficult>0</difficult>
		<bndbox>
			<xmin>609</xmin>
			<ymin>356</ymin>
			<xmax>800</xmax>
			<ymax>484</ymax>
		</bndbox>
	</object>
	<object>
		<name>doughnut</name>
		<pose>Unspecified</pose>
		<truncated>0</truncated>
		<difficult>0</difficult>
		<bndbox>
			<xmin>361</xmin>
			<ymin>205</ymin>
			<xmax>531</xmax>
			<ymax>273</ymax>
		</bndbox>
	</object>
</annotation>
