<annotation>
	<folder>train</folder>
	<filename>IMG_20181211_204136.jpg</filename>
	<path>C:\Users\racha\Documents\Tensorflow\models\research\object_detection\images\train\IMG_20181211_204136.jpg</path>
	<source>
		<database>Unknown</database>
	</source>
	<size>
		<width>800</width>
		<height>600</height>
		<depth>3</depth>
	</size>
	<segmented>0</segmented>
	<object>
		<name>cake</name>
		<pose>Unspecified</pose>
		<truncated>0</truncated>
		<difficult>0</difficult>
		<bndbox>
			<xmin>115</xmin>
			<ymin>240</ymin>
			<xmax>435</xmax>
			<ymax>501</ymax>
		</bndbox>
	</object>
	<object>
		<name>cake</name>
		<pose>Unspecified</pose>
		<truncated>0</truncated>
		<difficult>0</difficult>
		<bndbox>
			<xmin>405</xmin>
			<ymin>71</ymin>
			<xmax>777</xmax>
			<ymax>447</ymax>
		</bndbox>
	</object>
</annotation>
