<annotation>
	<folder>test</folder>
	<filename>received_1377993885628205.jpeg</filename>
	<path>C:\Users\racha\Documents\Tensorflow\models\research\object_detection\images\test\received_1377993885628205.jpeg</path>
	<source>
		<database>Unknown</database>
	</source>
	<size>
		<width>800</width>
		<height>600</height>
		<depth>3</depth>
	</size>
	<segmented>0</segmented>
	<object>
		<name>cake</name>
		<pose>Unspecified</pose>
		<truncated>0</truncated>
		<difficult>0</difficult>
		<bndbox>
			<xmin>315</xmin>
			<ymin>328</ymin>
			<xmax>555</xmax>
			<ymax>546</ymax>
		</bndbox>
	</object>
</annotation>
